{
  "flower": "theabyss:ice_rank",
  "maxTimeInHive": 600,
  "hasHoneycomb": true,
  "baseLayerTexture": "ores/ice_diamond/ice_diamond_bee",
  "ColorData": {
    "isBeeColored": false,
    "honeycombColor": "#a6fffe",
    "modelType": "ORE"
  },
  "MutationData": {
    "hasMutation": false,
    "mutations" : [
      {
        "type": "BLOCK",
        "inputID": "minecraft:lava",
        "chance": 0.75,
        "outputs": [
          {"outputID": "minecraft:water", "weight": 10}
        ]
      }
    ]
  },
  "CentrifugeData": {
    "hasCentrifugeOutput": true,
    "mainOutput": "theabyss:abyssicediamond",
    "mainOutputCount": 1
  },
  "SpawnData": {
    "canSpawnInWorld": false,
    "biomeWhitelist": "tag:OVERWORLD",
    "biomeBlacklist": "tag:ocean"
  },
  "BreedData": {
    "isBreedable": true,
   
    "feedItem": "theabyss:abyssicediamond",
	"parent1": "abyss_diamond",
    "parent2": "icy"
  },
  "TraitData": {}
}