{
  "flower": "theabyss:goldendeathplant",
  "maxTimeInHive": 600,
  "hasHoneycomb": true,
  "baseLayerTexture": "ores/abyss_diamond/abyss_diamond_bee",
  "ColorData": {
    "isBeeColored": false,
    "honeycombColor": "#ff45d7",
    "modelType": "ORE"
  },
  "MutationData": {
    "hasMutation": false,
    "mutations" : [
      {
        "type": "BLOCK",
        "inputID": "minecraft:lava",
        "chance": 0.75,
        "outputs": [
          {"outputID": "minecraft:water", "weight": 10}
        ]
      }
    ]
  },
  "CentrifugeData": {
    "hasCentrifugeOutput": true,
    "mainOutput": "theabyss:abyssdiamond",
    "mainOutputCount": 1
  },
  "SpawnData": {
    "canSpawnInWorld": false,
    "biomeWhitelist": "tag:OVERWORLD",
    "biomeBlacklist": "tag:ocean"
  },
  "BreedData": {
    "isBreedable": true,
    "parent1": "Diamond",
    "parent2": "Loran",
    "feedItem": "theabyss:abyss_kran_shroom"
  },
  "TraitData": {}
}