{
  "flower": "theabyss:heal_camp_fire",
  "maxTimeInHive": 1200,
  "hasHoneycomb": true,
  "baseLayerTexture": "ores/unorthorite/unorthorite_bee",
  "ColorData": {
    "isBeeColored": false,
    "honeycombColor": "#006970",
    "modelType": "DEFAULT"
  },
  "MutationData": {
    "hasMutation": false,
    "mutations" : [
      {
        "type": "BLOCK",
        "inputID": "minecraft:lava",
        "chance": 0.75,
        "outputs": [
          {"outputID": "minecraft:water", "weight": 10}
        ]
      }
    ]
  },
  "CentrifugeData": {
    "hasCentrifugeOutput": true,
    "mainOutput": "theabyss:unorithe_ingot",
    "mainOutputCount": 1
  },
  "SpawnData": {
    "canSpawnInWorld": false,
    "biomeWhitelist": "theabyss:theabyssbiome",
    "biomeBlacklist": "tag:ocean"
  },
  "BreedData": {
    "isBreedable": true,
   
    "feedItem": "theabyss:phantom_essence"
  },
  "TraitData": {}
}