{
  "flower": "betterendforge:gold_chandelier",
  "maxTimeInHive": 1200,
  "hasHoneycomb": true,
  "baseLayerTexture": "ores/totem/totem_bee",
  "ColorData": {
    "isBeeColored": false,
    "honeycombColor": "#f5dc6e",
    "modelType": "DEFAULT"
  },
  "MutationData": {
    "hasMutation": false,
    "mutations" : [
      {
        "type": "BLOCK",
        "inputID": "minecraft:lava",
        "chance": 0.75,
        "outputs": [
          {"outputID": "minecraft:water", "weight": 10}
        ]
      }
    ]
  },
  "CentrifugeData": {
    "hasCentrifugeOutput": true,
    "mainOutput": "minecraft:totem_of_undying",
    "mainOutputCount": 1
  },
  "SpawnData": {
    "canSpawnInWorld": false,
    "biomeWhitelist": "theabyss:theabyssbiome",
    "biomeBlacklist": "tag:ocean"
  },
  "BreedData": {
    "isBreedable": true,
   
    "feedItem": "eidolon:arcane_gold_ingot"
  },
  "TraitData": {}
}