{
  "flower": "create:copper_block",
  "hasHoneycomb": true,
  "maxTimeInHive": 600,
  "baseLayerTexture": "ores/copper/copper_bee",
  "ColorData": {
    "isBeeColored": false,
    "honeycombColor": "#eb9b34",
    "modelType": "ORE"
  },
  "MutationData": {
    "hasMutation": true,
    "mutations" : [
      {
        "type": "BLOCK",
        "inputID": "minecraft:stone",
        "outputs": [
          {"outputID": "create:copper_ore", "weight": 10}
          
        ]
      }
    ]
  },
  "CentrifugeData": {
    "hasCentrifugeOutput": true,
    "mainOutput": "create:copper_ingot"
  },
  "SpawnData": {
    "canSpawnInWorld": false,
    "biomeWhitelist": "tag:OVERWORLD",
    "biomeBlacklist": "tag:ocean"
  },
  "BreedData": {
    "isBreedable": true
  },
  "TraitData": {}
}